license,text
MIT,"Permission is hereby granted, free of charge, to any person obtaining a copy of this software and associated documentation files to deal in the software without restriction"
MIT,"The above copyright notice and this permission notice shall be included in all copies or substantial portions of the software. The software is provided as is without warranty of any kind"
MIT,"MIT License. Permission is granted free of charge to use copy modify merge publish distribute sublicense and sell copies of the software"
MIT,"Licensed under the MIT license. You may use, copy, modify, merge, publish, distribute, sublicense, and or sell copies, provided this notice is included"
MIT,"SPDX-License-Identifier: MIT. Copyright notice and permission notice must be included in all copies of the software, provided as is, no warranty"
MIT,"Free of charge permission to deal in the software without restriction, including without limitation the rights to use, copy, modify, merge, publish"
Apache-2.0,"Licensed under the Apache License, Version 2.0. You may not use this file except in compliance with the License. You may obtain a copy of the License at apache.org/licenses"
Apache-2.0,"Unless required by applicable law or agreed to in writing, software distributed under the License is distributed on an AS IS BASIS, WITHOUT WARRANTIES OR CONDITIONS OF ANY KIND"
Apache-2.0,"Apache License Version 2.0. Grant of patent license: each contributor grants you a perpetual worldwide non-exclusive royalty-free patent license"
Apache-2.0,"SPDX-License-Identifier: Apache-2.0. See the License for the specific language governing permissions and limitations under the License"
Apache-2.0,"Redistribution of derivative works requires you to give recipients a copy of this License and retain NOTICE file attribution notices and patent grants"
Apache-2.0,"Licensed to the Apache Software Foundation under one or more contributor license agreements. See the NOTICE file distributed with this work"
GPL-3.0,"This program is free software: you can redistribute it and/or modify it under the terms of the GNU General Public License as published by the Free Software Foundation, either version 3"
GPL-3.0,"This program is distributed in the hope that it will be useful, but WITHOUT ANY WARRANTY; without even the implied warranty of MERCHANTABILITY or FITNESS FOR A PARTICULAR PURPOSE"
GPL-3.0,"GNU GENERAL PUBLIC LICENSE Version 3. Copyleft: derivative works must also be released under the same license and source code must be made available"
GPL-3.0,"SPDX-License-Identifier: GPL-3.0-or-later. You should have received a copy of the GNU General Public License along with this program"
GPL-3.0,"Conveying modified source versions requires that the complete corresponding source be provided under the GPL, with installation information for user products"
GPL-3.0,"Free Software Foundation GPL version 3 or any later version, copyleft licensing, derivative works must be licensed under GPL"
BSD-3-Clause,"Redistribution and use in source and binary forms, with or without modification, are permitted provided that the following conditions are met"
BSD-3-Clause,"Neither the name of the copyright holder nor the names of its contributors may be used to endorse or promote products derived from this software without specific prior written permission"
BSD-3-Clause,"BSD 3-Clause License. Redistributions of source code must retain the above copyright notice, this list of conditions and the following disclaimer"
BSD-3-Clause,"SPDX-License-Identifier: BSD-3-Clause. Redistributions in binary form must reproduce the above copyright notice, list of conditions and disclaimer in the documentation"
BSD-3-Clause,"Redistribution permitted with conditions: retain copyright notice, reproduce notice in binary form, and do not use contributor names to endorse derived products"
BSD-3-Clause,"Redistributions of source code must retain the copyright notice. Names of contributors may not be used to endorse or promote products without written permission"
Proprietary,"All rights reserved. This software is the confidential and proprietary information of the company. Unauthorized copying, distribution or use is strictly prohibited"
Proprietary,"Copyright (c) the company. This code may not be copied, modified, redistributed or reverse engineered without prior written consent. Internal use only"
Proprietary,"Commercial license. Use of this software requires a paid license agreement. Redistribution, sublicensing and reverse engineering are prohibited"
Proprietary,"Proprietary and confidential. No part of this software may be reproduced or transmitted in any form without the express written permission of the owner"
Proprietary,"This software is licensed not sold. End user license agreement applies. You may not rent, lease, lend, or decompile the software. All rights reserved"
Proprietary,"Confidential. For authorised employees only. Disclosure to third parties is forbidden and unauthorized distribution will be prosecuted"
